Name,Miles_per_Gallon,Cylinders,Displacement,Horsepower,Weight_in_lbs,Acceleration,Year,Origin,Weight_in_kg,Liters_per_100km,Kilometers
chevrolet chevelle malibu,18.0,8,307.0,130.0,3504,12.0,1970,USA,1589.38766448,13.067476833333334,28.96812
buick skylark 320,15.0,8,350.0,165.0,3693,11.5,1970,USA,1675.11662241,15.680972200000001,24.1401
plymouth satellite,18.0,8,318.0,150.0,3436,11.0,1970,USA,1558.54338332,13.067476833333334,28.96812
amc rebel sst,16.0,8,304.0,150.0,3433,12.0,1970,USA,1557.1826062100001,14.7009114375,25.74944
ford torino,17.0,8,302.0,140.0,3449,10.5,1970,USA,1564.44008413,13.836151941176471,27.35878
ford galaxie 500,15.0,8,429.0,198.0,4341,10.0,1970,USA,1969.04447817,15.680972200000001,24.1401
chevrolet impala,14.0,8,454.0,220.0,4354,9.0,1970,USA,1974.9411789800001,16.801041642857143,22.53076
plymouth fury iii,14.0,8,440.0,215.0,4312,8.5,1970,USA,1955.89029944,16.801041642857143,22.53076
pontiac catalina,14.0,8,455.0,225.0,4425,10.0,1970,USA,2007.14623725,16.801041642857143,22.53076
amc ambassador dpl,15.0,8,390.0,190.0,3850,8.5,1970,USA,1746.3306245,15.680972200000001,24.1401
citroen ds-21 pallas,,4,133.0,115.0,3090,17.5,1970,Europe,1401.6004233,,
chevrolet chevelle concours (sw),,8,350.0,165.0,4142,11.5,1970,USA,1878.77959654,,
ford torino (sw),,8,351.0,153.0,4034,11.0,1970,USA,1829.7916205800002,,
plymouth satellite (sw),,8,383.0,175.0,4166,10.5,1970,USA,1889.6658134200002,,
amc rebel sst (sw),,8,360.0,175.0,3850,11.0,1970,USA,1746.3306245,,
dodge challenger se,15.0,8,383.0,170.0,3563,10.0,1970,USA,1616.14961431,15.680972200000001,24.1401
plymouth 'cuda 340,14.0,8,340.0,160.0,3609,8.0,1970,USA,1637.01486333,16.801041642857143,22.53076
ford mustang boss 302,,8,302.0,140.0,3353,8.0,1970,USA,1520.89521661,,
chevrolet monte carlo,15.0,8,400.0,150.0,3761,9.5,1970,USA,1705.96090357,15.680972200000001,24.1401
buick estate wagon (sw),14.0,8,455.0,225.0,3086,10.0,1970,USA,1399.78605382,16.801041642857143,22.53076
toyota corona mark ii,24.0,4,113.0,95.0,2372,15.0,1970,Japan,1075.92110164,9.800607625,38.62416
plymouth duster,22.0,6,198.0,95.0,2833,15.5,1970,USA,1285.02718421,10.691571954545454,35.40548
amc hornet,18.0,6,199.0,97.0,2774,15.5,1970,USA,1258.26523438,13.067476833333334,28.96812
ford maverick,21.0,6,200.0,85.0,2587,16.0,1970,USA,1173.44346119,11.20069442857143,33.79614
datsun pl510,27.0,4,97.0,88.0,2130,14.5,1970,Japan,966.1517481000001,8.711651222222223,43.45218
volkswagen 1131 deluxe sedan,26.0,4,97.0,46.0,1835,20.5,1970,Europe,832.3419989500001,9.046714730769231,41.84284
peugeot 504,25.0,4,110.0,87.0,2672,17.5,1970,Europe,1211.99881264,9.40858332,40.2335
audi 100 ls,24.0,4,107.0,90.0,2430,14.5,1970,Europe,1102.2294591,9.800607625,38.62416
saab 99e,25.0,4,104.0,95.0,2375,17.5,1970,Europe,1077.28187875,9.40858332,40.2335
bmw 2002,26.0,4,121.0,113.0,2234,12.5,1970,Europe,1013.3253545800001,9.046714730769231,41.84284
amc gremlin,21.0,6,199.0,90.0,2648,15.0,1970,USA,1201.11259576,11.20069442857143,33.79614
ford f250,10.0,8,360.0,215.0,4615,14.0,1970,USA,2093.32878755,23.5214583,16.0934
chevy c20,10.0,8,307.0,200.0,4376,15.0,1970,USA,1984.9202111200002,23.5214583,16.0934
dodge d200,11.0,8,318.0,210.0,4382,13.5,1970,USA,1987.6417653400001,21.383143909090908,17.70274
hi 1200d,9.0,8,304.0,193.0,4732,18.5,1970,USA,2146.39909484,26.134953666666668,14.48406
datsun pl510,27.0,4,97.0,88.0,2130,14.5,1971,Japan,966.1517481000001,8.711651222222223,43.45218
chevrolet vega 2300,28.0,4,140.0,90.0,2264,15.5,1971,USA,1026.93312568,8.400520821428572,45.06152
toyota corona,25.0,4,113.0,95.0,2228,14.0,1971,Japan,1010.60380036,9.40858332,40.2335
ford pinto,25.0,4,98.0,,2046,19.0,1971,USA,928.04998902,9.40858332,40.2335
volkswagen super beetle 117,,4,97.0,48.0,1978,20.0,1971,Europe,897.2057078600001,,
amc gremlin,19.0,6,232.0,100.0,2634,13.0,1971,USA,1194.76230258,12.379714894736843,30.57746
plymouth satellite custom,16.0,6,225.0,105.0,3439,15.5,1971,USA,1559.90416043,14.7009114375,25.74944
chevrolet chevelle malibu,17.0,6,250.0,100.0,3329,15.5,1971,USA,1510.0089997300001,13.836151941176471,27.35878
ford torino 500,19.0,6,250.0,88.0,3302,15.5,1971,USA,1497.7620057400002,12.379714894736843,30.57746
amc matador,18.0,6,232.0,100.0,3288,15.5,1971,USA,1491.41171256,13.067476833333334,28.96812
chevrolet impala,14.0,8,350.0,165.0,4209,12.0,1971,USA,1909.17028533,16.801041642857143,22.53076
pontiac catalina brougham,14.0,8,400.0,175.0,4464,11.5,1971,USA,2024.83633968,16.801041642857143,22.53076
ford galaxie 500,14.0,8,351.0,153.0,4154,13.5,1971,USA,1884.2227049800001,16.801041642857143,22.53076
plymouth fury iii,14.0,8,318.0,150.0,4096,13.0,1971,USA,1857.91434752,16.801041642857143,22.53076
dodge monaco (sw),12.0,8,383.0,180.0,4955,11.5,1971,USA,2247.55019335,19.60121525,19.31208
ford country squire (sw),13.0,8,400.0,170.0,4746,12.0,1971,USA,2152.74938802,18.093429461538463,20.92142
pontiac safari (sw),13.0,8,400.0,175.0,5140,12.0,1971,USA,2331.4647818000003,18.093429461538463,20.92142
amc hornet sportabout (sw),18.0,6,258.0,110.0,2962,13.5,1971,USA,1343.54059994,13.067476833333334,28.96812
chevrolet vega (sw),22.0,4,140.0,72.0,2408,19.0,1971,USA,1092.2504269600001,10.691571954545454,35.40548
pontiac firebird,19.0,6,250.0,100.0,3282,15.0,1971,USA,1488.6901583400002,12.379714894736843,30.57746
ford mustang,18.0,6,250.0,88.0,3139,14.5,1971,USA,1423.8264494300001,13.067476833333334,28.96812
mercury capri 2000,23.0,4,122.0,86.0,2220,14.0,1971,USA,1006.9750614000001,10.226721,37.01482
opel 1900,28.0,4,116.0,90.0,2123,14.0,1971,Europe,962.97660151,8.400520821428572,45.06152
peugeot 304,30.0,4,79.0,70.0,2074,19.5,1971,Europe,940.7505753800001,7.840486100000001,48.2802
fiat 124b,30.0,4,88.0,76.0,2065,14.5,1971,Europe,936.66824405,7.840486100000001,48.2802
toyota corolla 1200,31.0,4,71.0,65.0,1773,19.0,1971,Japan,804.21927201,7.587567193548387,49.88954
datsun 1200,35.0,4,72.0,69.0,1613,18.0,1971,Japan,731.6444928100001,6.720416657142858,56.3269
volkswagen model 111,27.0,4,97.0,60.0,1834,19.0,1971,Europe,831.88840658,8.711651222222223,43.45218
plymouth cricket,26.0,4,91.0,70.0,1955,20.5,1971,USA,886.7730833500001,9.046714730769231,41.84284
toyota corona hardtop,24.0,4,113.0,95.0,2278,15.5,1972,Japan,1033.28341886,9.800607625,38.62416
dodge colt hardtop,25.0,4,97.5,80.0,2126,17.0,1972,USA,964.3373786200001,9.40858332,40.2335
volkswagen type 3,23.0,4,97.0,54.0,2254,23.5,1972,Europe,1022.3972019800001,10.226721,37.01482
chevrolet vega,20.0,4,140.0,90.0,2408,19.5,1972,USA,1092.2504269600001,11.76072915,32.1868
ford pinto runabout,21.0,4,122.0,86.0,2226,16.5,1972,USA,1009.6966156200001,11.20069442857143,33.79614
chevrolet impala,13.0,8,350.0,165.0,4274,12.0,1972,USA,1938.65378938,18.093429461538463,20.92142
pontiac catalina,14.0,8,400.0,175.0,4385,12.0,1972,USA,1989.0025424500002,16.801041642857143,22.53076
plymouth fury iii,15.0,8,318.0,150.0,4135,13.5,1972,USA,1875.6044499500001,15.680972200000001,24.1401
ford galaxie 500,14.0,8,351.0,153.0,4129,13.0,1972,USA,1872.8828957300002,16.801041642857143,22.53076
amc ambassador sst,17.0,8,304.0,150.0,3672,11.5,1972,USA,1665.5911826400002,13.836151941176471,27.35878
mercury marquis,11.0,8,429.0,208.0,4633,11.0,1972,USA,2101.49345021,21.383143909090908,17.70274
buick lesabre custom,13.0,8,350.0,155.0,4502,13.5,1972,USA,2042.07284974,18.093429461538463,20.92142
oldsmobile delta 88 royale,12.0,8,350.0,160.0,4456,13.5,1972,USA,2021.20760072,19.60121525,19.31208
chrysler newport royal,13.0,8,400.0,190.0,4422,12.5,1972,USA,2005.7854601400002,18.093429461538463,20.92142
mazda rx2 coupe,19.0,3,70.0,97.0,2330,13.5,1972,Japan,1056.8702221,12.379714894736843,30.57746
amc matador (sw),15.0,8,304.0,150.0,3892,12.5,1972,USA,1765.38150404,15.680972200000001,24.1401
chevrolet chevelle concours (sw),13.0,8,307.0,130.0,4098,14.0,1972,USA,1858.8215322600001,18.093429461538463,20.92142
ford gran torino (sw),13.0,8,302.0,140.0,4294,16.0,1972,USA,1947.72563678,18.093429461538463,20.92142
plymouth satellite custom (sw),14.0,8,318.0,150.0,4077,14.0,1972,USA,1849.29609249,16.801041642857143,22.53076
volvo 145e (sw),18.0,4,121.0,112.0,2933,14.5,1972,Europe,1330.38642121,13.067476833333334,28.96812
volkswagen 411 (sw),22.0,4,121.0,76.0,2511,18.0,1972,Europe,1138.97044107,10.691571954545454,35.40548
peugeot 504 (sw),21.0,4,120.0,87.0,2979,19.5,1972,Europe,1351.2516702300002,11.20069442857143,33.79614
renault 12 (sw),26.0,4,96.0,69.0,2189,18.0,1972,Europe,992.91369793,9.046714730769231,41.84284
ford pinto (sw),22.0,4,122.0,86.0,2395,16.0,1972,USA,1086.35372615,10.691571954545454,35.40548
datsun 510 (sw),28.0,4,97.0,92.0,2288,17.0,1972,Japan,1037.81934256,8.400520821428572,45.06152
toyouta corona mark ii (sw),23.0,4,120.0,97.0,2506,14.5,1972,Japan,1136.70247922,10.226721,37.01482
dodge colt (sw),28.0,4,98.0,80.0,2164,15.0,1972,USA,981.5738886800001,8.400520821428572,45.06152
toyota corolla 1600 (sw),27.0,4,97.0,88.0,2100,16.5,1972,Japan,952.543977,8.711651222222223,43.45218
buick century 350,13.0,8,350.0,175.0,4100,13.0,1973,USA,1859.7287170000002,18.093429461538463,20.92142
amc matador,14.0,8,304.0,150.0,3672,11.5,1973,USA,1665.5911826400002,16.801041642857143,22.53076
chevrolet malibu,13.0,8,350.0,145.0,3988,13.0,1973,USA,1808.92637156,18.093429461538463,20.92142
ford gran torino,14.0,8,302.0,137.0,4042,14.5,1973,USA,1833.4203595400002,16.801041642857143,22.53076
dodge coronet custom,15.0,8,318.0,150.0,3777,12.5,1973,USA,1713.2183814900002,15.680972200000001,24.1401
mercury marquis brougham,12.0,8,429.0,198.0,4952,11.5,1973,USA,2246.18941624,19.60121525,19.31208
chevrolet caprice classic,13.0,8,400.0,150.0,4464,12.0,1973,USA,2024.83633968,18.093429461538463,20.92142
ford ltd,13.0,8,351.0,158.0,4363,13.0,1973,USA,1979.0235103100001,18.093429461538463,20.92142
plymouth fury gran sedan,14.0,8,318.0,150.0,4237,14.5,1973,USA,1921.87087169,16.801041642857143,22.53076
chrysler new yorker brougham,13.0,8,440.0,215.0,4735,11.0,1973,USA,2147.75987195,18.093429461538463,20.92142
buick electra 225 custom,12.0,8,455.0,225.0,4951,11.0,1973,USA,2245.7358238700003,19.60121525,19.31208
amc ambassador brougham,13.0,8,360.0,175.0,3821,11.0,1973,USA,1733.17644577,18.093429461538463,20.92142
plymouth valiant,18.0,6,225.0,105.0,3121,16.5,1973,USA,1415.6617867700002,13.067476833333334,28.96812
chevrolet nova custom,16.0,6,250.0,100.0,3278,18.0,1973,USA,1486.87578886,14.7009114375,25.74944
amc hornet,18.0,6,232.0,100.0,2945,16.0,1973,USA,1335.82952965,13.067476833333334,28.96812
ford maverick,18.0,6,250.0,88.0,3021,16.5,1973,USA,1370.30254977,13.067476833333334,28.96812
plymouth duster,23.0,6,198.0,95.0,2904,16.0,1973,USA,1317.23224248,10.226721,37.01482
volkswagen super beetle,26.0,4,97.0,46.0,1950,21.0,1973,Europe,884.5051215000001,9.046714730769231,41.84284
chevrolet impala,11.0,8,400.0,150.0,4997,14.0,1973,USA,2266.60107289,21.383143909090908,17.70274
ford country,12.0,8,400.0,167.0,4906,12.5,1973,USA,2225.32416722,19.60121525,19.31208
plymouth custom suburb,13.0,8,360.0,170.0,4654,13.0,1973,USA,2111.01888998,18.093429461538463,20.92142
oldsmobile vista cruiser,12.0,8,350.0,180.0,4499,12.5,1973,USA,2040.7120726300002,19.60121525,19.31208
amc gremlin,18.0,6,232.0,100.0,2789,15.0,1973,USA,1265.0691199300002,13.067476833333334,28.96812
toyota carina,20.0,4,97.0,88.0,2279,19.0,1973,Japan,1033.73701123,11.76072915,32.1868
chevrolet vega,21.0,4,140.0,72.0,2401,19.5,1973,USA,1089.07528037,11.20069442857143,33.79614
datsun 610,22.0,4,108.0,94.0,2379,16.5,1973,Japan,1079.0962482300001,10.691571954545454,35.40548
maxda rx3,18.0,3,70.0,90.0,2124,13.5,1973,Japan,963.43019388,13.067476833333334,28.96812
ford pinto,19.0,4,122.0,85.0,2310,18.5,1973,USA,1047.7983747,12.379714894736843,30.57746
mercury capri v6,21.0,6,155.0,107.0,2472,14.0,1973,USA,1121.28033864,11.20069442857143,33.79614
fiat 124 sport coupe,26.0,4,98.0,90.0,2265,15.5,1973,Europe,1027.3867180500001,9.046714730769231,41.84284
chevrolet monte carlo s,15.0,8,350.0,145.0,4082,13.0,1973,USA,1851.56405434,15.680972200000001,24.1401
pontiac grand prix,16.0,8,400.0,230.0,4278,9.5,1973,USA,1940.4681588600001,14.7009114375,25.74944
fiat 128,29.0,4,68.0,49.0,1867,19.5,1973,Europe,846.85695479,8.110847689655172,46.67086
opel manta,24.0,4,116.0,75.0,2158,15.5,1973,Europe,978.8523344600001,9.800607625,38.62416
audi 100ls,20.0,4,114.0,91.0,2582,14.0,1973,Europe,1171.17549934,11.76072915,32.1868
volvo 144ea,19.0,4,121.0,112.0,2868,15.5,1973,Europe,1300.90291716,12.379714894736843,30.57746
dodge dart custom,15.0,8,318.0,150.0,3399,11.0,1973,USA,1541.76046563,15.680972200000001,24.1401
saab 99le,24.0,4,121.0,110.0,2660,14.0,1973,Europe,1206.5557042,9.800607625,38.62416
toyota mark ii,20.0,6,156.0,122.0,2807,13.5,1973,Japan,1273.2337825900001,11.76072915,32.1868
oldsmobile omega,11.0,8,350.0,180.0,3664,11.0,1973,USA,1661.96244368,21.383143909090908,17.70274
plymouth duster,20.0,6,198.0,95.0,3102,16.5,1974,USA,1407.0435317400002,11.76072915,32.1868
ford maverick,21.0,6,200.0,,2875,17.0,1974,USA,1304.07806375,11.20069442857143,33.79614
amc hornet,19.0,6,232.0,100.0,2901,16.0,1974,USA,1315.8714653700001,12.379714894736843,30.57746
chevrolet nova,15.0,6,250.0,100.0,3336,17.0,1974,USA,1513.18414632,15.680972200000001,24.1401
datsun b210,31.0,4,79.0,67.0,1950,19.0,1974,Japan,884.5051215000001,7.587567193548387,49.88954
ford pinto,26.0,4,122.0,80.0,2451,16.5,1974,USA,1111.75489887,9.046714730769231,41.84284
toyota corolla 1200,32.0,4,71.0,65.0,1836,21.0,1974,Japan,832.7955913200001,7.35045571875,51.49888
chevrolet vega,25.0,4,140.0,75.0,2542,17.0,1974,USA,1153.0318045400002,9.40858332,40.2335
chevrolet chevelle malibu classic,16.0,6,250.0,100.0,3781,17.0,1974,USA,1715.03275097,14.7009114375,25.74944
amc matador,16.0,6,258.0,110.0,3632,18.0,1974,USA,1647.4474878400001,14.7009114375,25.74944
plymouth satellite sebring,18.0,6,225.0,105.0,3613,16.5,1974,USA,1638.8292328100001,13.067476833333334,28.96812
ford gran torino,16.0,8,302.0,140.0,4141,14.0,1974,USA,1878.32600417,14.7009114375,25.74944
buick century luxus (sw),13.0,8,350.0,150.0,4699,14.5,1974,USA,2131.43054663,18.093429461538463,20.92142
dodge coronet custom (sw),14.0,8,318.0,150.0,4457,13.5,1974,USA,2021.66119309,16.801041642857143,22.53076
ford gran torino (sw),14.0,8,302.0,140.0,4638,16.0,1974,USA,2103.76141206,16.801041642857143,22.53076
amc matador (sw),14.0,8,304.0,150.0,4257,15.5,1974,USA,1930.94271909,16.801041642857143,22.53076
audi fox,29.0,4,98.0,83.0,2219,16.5,1974,Europe,1006.52146903,8.110847689655172,46.67086
volkswagen dasher,26.0,4,79.0,67.0,1963,15.5,1974,Europe,890.4018223100001,9.046714730769231,41.84284
opel manta,26.0,4,97.0,78.0,2300,14.5,1974,Europe,1043.262451,9.046714730769231,41.84284
toyota corona,31.0,4,76.0,52.0,1649,16.5,1974,Japan,747.97381813,7.587567193548387,49.88954
datsun 710,32.0,4,83.0,61.0,2003,19.0,1974,Japan,908.54551711,7.35045571875,51.49888
dodge colt,28.0,4,90.0,75.0,2125,14.5,1974,USA,963.8837862500001,8.400520821428572,45.06152
fiat 128,24.0,4,90.0,75.0,2108,15.5,1974,Europe,956.17271596,9.800607625,38.62416
fiat 124 tc,26.0,4,116.0,75.0,2246,14.0,1974,Europe,1018.76846302,9.046714730769231,41.84284
honda civic,24.0,4,120.0,97.0,2489,15.0,1974,Japan,1128.99140893,9.800607625,38.62416
subaru,26.0,4,108.0,93.0,2391,15.5,1974,Japan,1084.53935667,9.046714730769231,41.84284
fiat x1.9,31.0,4,79.0,67.0,2000,16.0,1974,Europe,907.18474,7.587567193548387,49.88954
plymouth valiant custom,19.0,6,225.0,95.0,3264,16.0,1975,USA,1480.5254956800002,12.379714894736843,30.57746
chevrolet nova,18.0,6,250.0,105.0,3459,16.0,1975,USA,1568.97600783,13.067476833333334,28.96812
mercury monarch,15.0,6,250.0,72.0,3432,21.0,1975,USA,1556.72901384,15.680972200000001,24.1401
ford maverick,15.0,6,250.0,72.0,3158,19.5,1975,USA,1432.4447044600001,15.680972200000001,24.1401
pontiac catalina,16.0,8,400.0,170.0,4668,11.5,1975,USA,2117.36918316,14.7009114375,25.74944
chevrolet bel air,15.0,8,350.0,145.0,4440,14.0,1975,USA,2013.9501228000001,15.680972200000001,24.1401
plymouth grand fury,16.0,8,318.0,150.0,4498,14.5,1975,USA,2040.2584802600002,14.7009114375,25.74944
ford ltd,14.0,8,351.0,148.0,4657,13.5,1975,USA,2112.37966709,16.801041642857143,22.53076
buick century,17.0,6,231.0,110.0,3907,21.0,1975,USA,1772.18538959,13.836151941176471,27.35878
chevroelt chevelle malibu,16.0,6,250.0,105.0,3897,18.5,1975,USA,1767.64946589,14.7009114375,25.74944
amc matador,15.0,6,258.0,110.0,3730,19.0,1975,USA,1691.8995401000002,15.680972200000001,24.1401
plymouth fury,18.0,6,225.0,95.0,3785,19.0,1975,USA,1716.8471204500001,13.067476833333334,28.96812
buick skyhawk,21.0,6,231.0,110.0,3039,15.0,1975,USA,1378.46721243,11.20069442857143,33.79614
chevrolet monza 2+2,20.0,8,262.0,110.0,3221,13.5,1975,USA,1461.02102377,11.76072915,32.1868
ford mustang ii,13.0,8,302.0,129.0,3169,12.0,1975,USA,1437.4342205300002,18.093429461538463,20.92142
toyota corolla,29.0,4,97.0,75.0,2171,16.0,1975,Japan,984.74903527,8.110847689655172,46.67086
ford pinto,23.0,4,140.0,83.0,2639,17.0,1975,USA,1197.03026443,10.226721,37.01482
amc gremlin,20.0,6,232.0,100.0,2914,16.0,1975,USA,1321.76816618,11.76072915,32.1868
pontiac astro,23.0,4,140.0,78.0,2592,18.5,1975,USA,1175.71142304,10.226721,37.01482
toyota corona,24.0,4,134.0,96.0,2702,13.5,1975,Japan,1225.6065837400001,9.800607625,38.62416
volkswagen dasher,25.0,4,90.0,71.0,2223,16.5,1975,Europe,1008.33583851,9.40858332,40.2335
datsun 710,24.0,4,119.0,97.0,2545,17.0,1975,Japan,1154.39258165,9.800607625,38.62416
ford pinto,18.0,6,171.0,97.0,2984,14.5,1975,USA,1353.51963208,13.067476833333334,28.96812
volkswagen rabbit,29.0,4,90.0,70.0,1937,14.0,1975,Europe,878.60842069,8.110847689655172,46.67086
amc pacer,19.0,6,232.0,90.0,3211,17.0,1975,USA,1456.48510007,12.379714894736843,30.57746
audi 100ls,23.0,4,115.0,95.0,2694,15.0,1975,Europe,1221.9778447800002,10.226721,37.01482
peugeot 504,23.0,4,120.0,88.0,2957,17.0,1975,Europe,1341.27263809,10.226721,37.01482
volvo 244dl,22.0,4,121.0,98.0,2945,14.5,1975,Europe,1335.82952965,10.691571954545454,35.40548
saab 99le,25.0,4,121.0,115.0,2671,13.5,1975,Europe,1211.54522027,9.40858332,40.2335
honda civic cvcc,33.0,4,91.0,53.0,1795,17.5,1975,Japan,814.19830415,7.127714636363637,53.10822
fiat 131,28.0,4,107.0,86.0,2464,15.5,1976,Europe,1117.6515996800001,8.400520821428572,45.06152
opel 1900,25.0,4,116.0,81.0,2220,16.9,1976,Europe,1006.9750614000001,9.40858332,40.2335
capri ii,25.0,4,140.0,92.0,2572,14.9,1976,USA,1166.63957564,9.40858332,40.2335
dodge colt,26.0,4,98.0,79.0,2255,17.7,1976,USA,1022.85079435,9.046714730769231,41.84284
renault 12tl,27.0,4,101.0,83.0,2202,15.3,1976,Europe,998.8103987400001,8.711651222222223,43.45218
chevrolet chevelle malibu classic,17.5,8,305.0,140.0,4215,13.0,1976,USA,1911.89183955,13.440833314285715,28.16345
dodge coronet brougham,16.0,8,318.0,150.0,4190,13.0,1976,USA,1900.5520303,14.7009114375,25.74944
amc matador,15.5,8,304.0,120.0,3962,13.9,1976,USA,1797.13296994,15.175134387096774,24.94477
ford gran torino,14.5,8,351.0,152.0,4215,12.8,1976,USA,1911.89183955,16.221695379310344,23.33543
plymouth valiant,22.0,6,225.0,100.0,3233,15.4,1976,USA,1466.4641322100001,10.691571954545454,35.40548
chevrolet nova,22.0,6,250.0,105.0,3353,14.5,1976,USA,1520.89521661,10.691571954545454,35.40548
ford maverick,24.0,6,200.0,81.0,3012,17.6,1976,USA,1366.22021844,9.800607625,38.62416
amc hornet,22.5,6,232.0,90.0,3085,17.6,1976,USA,1399.33246145,10.453981466666667,36.21015
chevrolet chevette,29.0,4,85.0,52.0,2035,22.2,1976,USA,923.0604729500001,8.110847689655172,46.67086
chevrolet woody,24.5,4,98.0,60.0,2164,22.1,1976,USA,981.5738886800001,9.600595224489796,39.42883
vw rabbit,29.0,4,90.0,70.0,1937,14.2,1976,Europe,878.60842069,8.110847689655172,46.67086
honda civic,33.0,4,91.0,53.0,1795,17.4,1976,Japan,814.19830415,7.127714636363637,53.10822
dodge aspen se,20.0,6,225.0,100.0,3651,17.7,1976,USA,1656.0657428700001,11.76072915,32.1868
ford granada ghia,18.0,6,250.0,78.0,3574,21.0,1976,USA,1621.13913038,13.067476833333334,28.96812
pontiac ventura sj,18.5,6,250.0,110.0,3645,16.2,1976,USA,1653.34418865,12.714301783783784,29.77279
amc pacer d/l,17.5,6,258.0,95.0,3193,17.8,1976,USA,1448.32043741,13.440833314285715,28.16345
volkswagen rabbit,29.5,4,97.0,71.0,1825,12.2,1976,Europe,827.80607525,7.973375694915254,47.47553
datsun b-210,32.0,4,85.0,70.0,1990,17.0,1976,Japan,902.6488163,7.35045571875,51.49888
toyota corolla,28.0,4,97.0,75.0,2155,16.4,1976,Japan,977.49155735,8.400520821428572,45.06152
ford pinto,26.5,4,140.0,72.0,2565,13.6,1976,USA,1163.46442905,8.876022,42.64751
volvo 245,20.0,4,130.0,102.0,3150,15.7,1976,Europe,1428.8159655000002,11.76072915,32.1868
plymouth volare premier v8,13.0,8,318.0,150.0,3940,13.2,1976,USA,1787.1539378,18.093429461538463,20.92142
peugeot 504,19.0,4,120.0,88.0,3270,21.9,1976,Europe,1483.2470499,12.379714894736843,30.57746
toyota mark ii,19.0,6,156.0,108.0,2930,15.5,1976,Japan,1329.0256441000001,12.379714894736843,30.57746
mercedes-benz 280s,16.5,6,168.0,120.0,3820,16.7,1976,Europe,1732.7228534,14.255429272727273,26.55411
cadillac seville,16.5,8,350.0,180.0,4380,12.1,1976,USA,1986.7345806,14.255429272727273,26.55411
chevy c10,13.0,8,350.0,145.0,4055,12.0,1976,USA,1839.31706035,18.093429461538463,20.92142
ford f108,13.0,8,302.0,130.0,3870,15.0,1976,USA,1755.4024719000001,18.093429461538463,20.92142
dodge d100,13.0,8,318.0,150.0,3755,14.0,1976,USA,1703.23934935,18.093429461538463,20.92142
honda Accelerationord cvcc,31.5,4,98.0,68.0,2045,18.5,1977,Japan,927.5963966500001,7.467129619047619,50.69421
buick opel isuzu deluxe,30.0,4,111.0,80.0,2155,14.8,1977,USA,977.49155735,7.840486100000001,48.2802
renault 5 gtl,36.0,4,79.0,58.0,1825,18.6,1977,Europe,827.80607525,6.533738416666667,57.93624
plymouth arrow gs,25.5,4,122.0,96.0,2300,15.5,1977,USA,1043.262451,9.224101294117647,41.03817
datsun f-10 hatchback,33.5,4,85.0,70.0,1945,16.8,1977,Japan,882.2371596500001,7.021330835820896,53.91289
chevrolet caprice classic,17.5,8,305.0,145.0,3880,12.5,1977,USA,1759.9383956000001,13.440833314285715,28.16345
oldsmobile cutlass supreme,17.0,8,260.0,110.0,4060,19.0,1977,USA,1841.5850222000001,13.836151941176471,27.35878
dodge monaco brougham,15.5,8,318.0,145.0,4140,13.7,1977,USA,1877.8724118,15.175134387096774,24.94477
mercury cougar brougham,15.0,8,302.0,130.0,4295,14.9,1977,USA,1948.17922915,15.680972200000001,24.1401
chevrolet concours,17.5,6,250.0,110.0,3520,16.4,1977,USA,1596.6451424000002,13.440833314285715,28.16345
buick skylark,20.5,6,231.0,105.0,3425,16.9,1977,USA,1553.5538672500002,11.473882097560976,32.99147
plymouth volare custom,19.0,6,225.0,100.0,3630,17.7,1977,USA,1646.5403031,12.379714894736843,30.57746
ford granada,18.5,6,250.0,98.0,3525,19.0,1977,USA,1598.91310425,12.714301783783784,29.77279
pontiac grand prix lj,16.0,8,400.0,180.0,4220,11.1,1977,USA,1914.1598014,14.7009114375,25.74944
chevrolet monte carlo landau,15.5,8,350.0,170.0,4165,11.4,1977,USA,1889.2122210500002,15.175134387096774,24.94477
chrysler cordoba,15.5,8,400.0,190.0,4325,12.2,1977,USA,1961.7870002500001,15.175134387096774,24.94477
ford thunderbird,16.0,8,351.0,149.0,4335,14.5,1977,USA,1966.3229239500001,14.7009114375,25.74944
volkswagen rabbit custom,29.0,4,97.0,78.0,1940,14.5,1977,Europe,879.9691978000001,8.110847689655172,46.67086
pontiac sunbird coupe,24.5,4,151.0,88.0,2740,16.0,1977,USA,1242.8430938000001,9.600595224489796,39.42883
toyota corolla liftback,26.0,4,97.0,75.0,2265,18.2,1977,Japan,1027.3867180500001,9.046714730769231,41.84284
ford mustang ii 2+2,25.5,4,140.0,89.0,2755,15.8,1977,USA,1249.64697935,9.224101294117647,41.03817
chevrolet chevette,30.5,4,98.0,63.0,2051,17.0,1977,USA,930.31795087,7.711953540983607,49.08487
dodge colt m/m,33.5,4,98.0,83.0,2075,15.9,1977,USA,941.20416775,7.021330835820896,53.91289
subaru dl,30.0,4,97.0,67.0,1985,16.4,1977,Japan,900.38085445,7.840486100000001,48.2802
volkswagen dasher,30.5,4,97.0,78.0,2190,14.1,1977,Europe,993.3672903,7.711953540983607,49.08487
datsun 810,22.0,6,146.0,97.0,2815,14.5,1977,Japan,1276.86252155,10.691571954545454,35.40548
bmw 320i,21.5,4,121.0,110.0,2600,12.8,1977,Europe,1179.340162,10.940213162790698,34.60081
mazda rx-4,21.5,3,80.0,110.0,2720,13.5,1977,Japan,1233.7712464,10.940213162790698,34.60081
volkswagen rabbit custom diesel,43.1,4,90.0,48.0,1985,21.5,1978,Europe,900.38085445,5.4574149187935035,69.362554
ford fiesta,36.1,4,98.0,66.0,1800,14.4,1978,USA,816.466266,6.515639418282548,58.097174
mazda glc deluxe,32.8,4,78.0,52.0,1985,19.4,1978,Japan,900.38085445,7.171176310975611,52.786351999999994
datsun b210 gx,39.4,4,85.0,70.0,2070,18.6,1978,Japan,938.9362059,5.969913274111676,63.407996
honda civic cvcc,36.1,4,91.0,60.0,1800,16.4,1978,Japan,816.466266,6.515639418282548,58.097174
oldsmobile cutlass salon brougham,19.9,8,260.0,110.0,3365,15.5,1978,USA,1526.33832505,11.819828291457288,32.025866
dodge diplomat,19.4,8,318.0,140.0,3735,13.2,1978,USA,1694.16750195,12.124463041237114,31.221196
mercury monarch ghia,20.2,8,302.0,139.0,3570,12.8,1978,USA,1619.3247609,11.644286287128713,32.508668
pontiac phoenix lj,19.2,6,231.0,105.0,3535,19.2,1978,USA,1603.44902795,12.25075953125,30.899327999999997
chevrolet malibu,20.5,6,200.0,95.0,3155,18.2,1978,USA,1431.08392735,11.473882097560976,32.99147
ford fairmont (auto),20.2,6,200.0,85.0,2965,15.8,1978,USA,1344.90137705,11.644286287128713,32.508668
ford fairmont (man),25.1,4,140.0,88.0,2720,15.4,1978,USA,1233.7712464,9.371098924302789,40.394434000000004
plymouth volare,20.5,6,225.0,100.0,3430,17.2,1978,USA,1555.8218291,11.473882097560976,32.99147
amc concord,19.4,6,232.0,90.0,3210,17.2,1978,USA,1456.0315077,12.124463041237114,31.221196
buick century special,20.6,6,231.0,105.0,3380,15.8,1978,USA,1533.1422106,11.418183640776698,33.152404000000004
mercury zephyr,20.8,6,200.0,85.0,3070,16.7,1978,USA,1392.5285759,11.308393413461538,33.474272
dodge aspen,18.6,6,225.0,110.0,3620,18.7,1978,USA,1642.0043794,12.645945322580644,29.933724
amc concord d/l,18.1,6,258.0,120.0,3410,15.1,1978,USA,1546.7499817,12.995280828729282,29.129054000000004
chevrolet monte carlo landau,19.2,8,305.0,145.0,3425,13.2,1978,USA,1553.5538672500002,12.25075953125,30.899327999999997
buick regal sport coupe (turbo),17.7,6,231.0,165.0,3445,13.4,1978,USA,1562.6257146500002,13.288959491525425,28.485318
ford futura,18.1,8,302.0,139.0,3205,11.2,1978,USA,1453.7635458500001,12.995280828729282,29.129054000000004
dodge magnum xe,17.5,8,318.0,140.0,4080,13.7,1978,USA,1850.6568696000002,13.440833314285715,28.16345
chevrolet chevette,30.0,4,98.0,68.0,2155,16.5,1978,USA,977.49155735,7.840486100000001,48.2802
toyota corona,27.5,4,134.0,95.0,2560,14.2,1978,Japan,1161.1964672000001,8.553257563636365,44.25685
datsun 510,27.2,4,119.0,97.0,2300,14.7,1978,Japan,1043.262451,8.647594963235294,43.774048
dodge omni,30.9,4,105.0,75.0,2230,14.5,1978,USA,1011.5109851000001,7.612122427184467,49.728606
toyota celica gt liftback,21.1,4,134.0,95.0,2515,14.8,1978,Japan,1140.78481055,11.14761056872038,33.957074
plymouth sapporo,23.2,4,156.0,105.0,2745,16.7,1978,USA,1245.11105565,10.138559612068965,37.336687999999995
oldsmobile starfire sx,23.8,4,151.0,85.0,2855,17.6,1978,USA,1295.0062163500002,9.882965672268908,38.302292
datsun 200-sx,23.9,4,119.0,97.0,2405,14.9,1978,Japan,1090.88964985,9.841614351464436,38.463226
audi 5000,20.3,5,131.0,103.0,2830,15.9,1978,Europe,1283.6664071,11.58692527093596,32.669602
volvo 264gl,17.0,6,163.0,125.0,3140,13.6,1978,Europe,1424.2800418000002,13.836151941176471,27.35878
saab 99gle,21.6,4,121.0,115.0,2795,15.7,1978,Europe,1267.79067415,10.889564027777777,34.761744
peugeot 604sl,16.2,6,163.0,133.0,3410,15.8,1978,Europe,1546.7499817,14.519418703703705,26.071308
volkswagen scirocco,31.5,4,89.0,71.0,1990,14.9,1978,Europe,902.6488163,7.467129619047619,50.69421
honda Accelerationord lx,29.5,4,98.0,68.0,2135,16.6,1978,Japan,968.4197099500001,7.973375694915254,47.47553
pontiac lemans v6,21.5,6,231.0,115.0,3245,15.4,1979,USA,1471.9072406500002,10.940213162790698,34.60081
mercury zephyr 6,19.8,6,200.0,85.0,2990,18.2,1979,USA,1356.2411863,11.879524393939393,31.864932
ford fairmont 4,22.3,4,140.0,88.0,2890,17.3,1979,USA,1310.8819493,10.547739147982062,35.888282000000004
amc concord dl 6,20.2,6,232.0,90.0,3265,18.2,1979,USA,1480.97908805,11.644286287128713,32.508668
dodge aspen 6,20.6,6,225.0,110.0,3360,16.6,1979,USA,1524.0703632,11.418183640776698,33.152404000000004
chevrolet caprice classic,17.0,8,305.0,130.0,3840,15.4,1979,USA,1741.7947008,13.836151941176471,27.35878
ford ltd landau,17.6,8,302.0,129.0,3725,13.4,1979,USA,1689.63157825,13.364464943181817,28.324384000000002
mercury grand marquis,16.5,8,351.0,138.0,3955,13.2,1979,USA,1793.9578233500001,14.255429272727273,26.55411
dodge st. regis,18.2,8,318.0,135.0,3830,15.2,1979,USA,1737.2587771,12.923878186813187,29.289987999999997
buick estate wagon (sw),16.9,8,350.0,155.0,4360,14.9,1979,USA,1977.6627332,13.918022662721896,27.197846
ford country squire (sw),15.5,8,351.0,142.0,4054,14.3,1979,USA,1838.86346798,15.175134387096774,24.94477
chevrolet malibu classic (sw),19.2,8,267.0,125.0,3605,15.0,1979,USA,1635.2004938500002,12.25075953125,30.899327999999997
chrysler lebaron town @ country (sw),18.5,8,360.0,150.0,3940,13.0,1979,USA,1787.1539378,12.714301783783784,29.77279
vw rabbit custom,31.9,4,89.0,71.0,1925,14.0,1979,Europe,873.16531225,7.373497899686521,51.337945999999995
maxda glc deluxe,34.1,4,86.0,65.0,1975,15.2,1979,Japan,895.84493075,6.897788357771261,54.878494
dodge colt hatchback custom,35.7,4,98.0,80.0,1915,14.4,1979,USA,868.62938855,6.588643781512604,57.453438000000006
amc spirit dl,27.4,4,121.0,80.0,2670,15.0,1979,USA,1211.0916279,8.584473832116789,44.095915999999995
mercedes benz 300d,25.4,5,183.0,77.0,3530,20.1,1979,Europe,1601.1810661000002,9.260416653543308,40.877235999999996
cadillac eldorado,23.0,8,350.0,125.0,3900,17.4,1979,USA,1769.0102430000002,10.226721,37.01482
peugeot 504,27.2,4,141.0,71.0,3190,24.8,1979,Europe,1446.9596603,8.647594963235294,43.774048
oldsmobile cutlass salon brougham,23.9,8,260.0,90.0,3420,22.2,1979,USA,1551.2859054,9.841614351464436,38.463226
plymouth horizon,34.2,4,105.0,70.0,2200,13.2,1979,USA,997.903214,6.877619385964912,55.039428
plymouth horizon tc3,34.5,4,105.0,70.0,2150,14.9,1979,USA,975.2235955000001,6.817814,55.52223
datsun 210,31.8,4,85.0,65.0,2020,19.2,1979,Japan,916.2565874000001,7.396685,51.177012
fiat strada custom,37.3,4,91.0,69.0,2130,14.7,1979,Europe,966.1517481000001,6.306020991957105,60.02838199999999
buick skylark limited,28.4,4,151.0,90.0,2670,16.0,1979,USA,1211.0916279,8.282203626760564,45.705256
chevrolet citation,28.8,6,173.0,115.0,2595,11.3,1979,USA,1177.07220015,8.167173020833333,46.348992
oldsmobile omega brougham,26.8,6,173.0,115.0,2700,12.9,1979,USA,1224.699399,8.776663544776119,43.130312
pontiac phoenix,33.5,4,151.0,90.0,2556,13.2,1979,USA,1159.38209772,7.021330835820896,53.91289
vw rabbit,41.5,4,98.0,76.0,2144,14.7,1980,Europe,972.5020412800001,5.667821277108434,66.78761
toyota corolla tercel,38.1,4,89.0,60.0,1968,18.8,1980,Japan,892.6697841600001,6.173611102362204,61.315854
chevrolet chevette,32.1,4,98.0,70.0,2120,15.5,1980,USA,961.6158244000001,7.3275571028037385,51.659814000000004
datsun 310,37.2,4,86.0,65.0,2019,16.4,1980,Japan,915.80299503,6.322972661290322,59.867448
chevrolet citation,28.0,4,151.0,90.0,2678,16.5,1980,USA,1214.72036686,8.400520821428572,45.06152
ford fairmont,26.4,4,140.0,88.0,2870,18.1,1980,USA,1301.8101019,8.909643295454545,42.486576
amc concord,24.3,4,151.0,90.0,3003,20.1,1980,USA,1362.13788711,9.679612469135803,39.106962
dodge aspen,19.1,6,225.0,90.0,3381,18.7,1980,USA,1533.59580297,12.314899633507853,30.738394000000003
audi 4000,34.3,4,97.0,78.0,2188,15.8,1980,Europe,992.4601055600001,6.857568017492712,55.200362
toyota corona liftback,29.8,4,134.0,90.0,2711,15.5,1980,Japan,1229.6889150700001,7.8931068120805365,47.958332
mazda 626,31.3,4,120.0,75.0,2542,17.5,1980,Japan,1153.0318045400002,7.514842907348243,50.372342
datsun 510 hatchback,37.0,4,119.0,92.0,2434,15.0,1980,Japan,1104.04382858,6.357150891891892,59.54558
toyota corolla,32.2,4,108.0,75.0,2265,15.2,1980,Japan,1027.3867180500001,7.304800714285713,51.820748
mazda glc,46.6,4,86.0,65.0,2110,17.9,1980,Japan,957.0799007,5.047523240343348,74.995244
dodge colt,27.9,4,156.0,105.0,2800,14.4,1980,USA,1270.058636,8.430630215053764,44.900586
datsun 210,40.8,4,85.0,65.0,2110,19.2,1980,Japan,957.0799007,5.76506330882353,65.66107199999999
vw rabbit c (diesel),44.3,4,90.0,48.0,2085,21.7,1980,Europe,945.74009145,5.309584266365689,71.293762
vw dasher (diesel),43.4,4,90.0,48.0,2335,23.7,1980,Europe,1059.13818395,5.419690852534562,69.845356
audi 5000s (diesel),36.4,5,121.0,67.0,2950,19.9,1980,Europe,1338.0974915000002,6.461939093406594,58.579975999999995
mercedes-benz 240d,30.0,4,146.0,67.0,3250,21.8,1980,Europe,1474.1752025,7.840486100000001,48.2802
honda civic 1500 gl,44.6,4,91.0,67.0,1850,13.8,1980,Japan,839.1458845000001,5.273869573991031,71.77656400000001
renault lecar deluxe,40.9,4,85.0,,1835,17.3,1980,Europe,832.3419989500001,5.7509677995110025,65.822006
subaru dl,33.8,4,97.0,67.0,2145,18.0,1980,Japan,972.9556336500001,6.959011331360948,54.395692
vokswagen rabbit,29.8,4,89.0,62.0,1845,15.3,1980,Europe,836.8779226500001,7.8931068120805365,47.958332
datsun 280-zx,32.7,6,168.0,132.0,2910,11.4,1980,Japan,1319.9537967,7.193106513761467,52.625418
mazda rx-7 gs,23.7,3,70.0,100.0,2420,12.5,1980,Japan,1097.6935354,9.924665949367089,38.141358
triumph tr7 coupe,35.0,4,122.0,88.0,2500,15.1,1980,Europe,1133.980925,6.720416657142858,56.3269
ford mustang cobra,23.6,4,140.0,,2905,14.3,1980,USA,1317.68583485,9.966719618644067,37.980424
honda Accelerationord,32.4,4,107.0,72.0,2290,17.0,1980,Japan,1038.7265273,7.2597093518518525,52.142616
plymouth reliant,27.2,4,135.0,84.0,2490,15.7,1982,USA,1129.4450013,8.647594963235294,43.774048
buick skylark,26.6,4,151.0,84.0,2635,16.4,1982,USA,1195.2158949500001,8.842653496240601,42.808444
dodge aries wagon (sw),25.8,4,156.0,92.0,2620,14.4,1982,USA,1188.4120094,9.116844302325582,41.520972
chevrolet citation,23.5,6,173.0,110.0,2725,12.6,1982,USA,1236.03920825,10.009131191489361,37.81949
plymouth reliant,30.0,4,135.0,84.0,2385,12.9,1982,USA,1081.81780245,7.840486100000001,48.2802
toyota starlet,39.1,4,79.0,58.0,1755,16.9,1982,Japan,796.0546093500001,6.015718235294117,62.925194000000005
plymouth champ,39.0,4,86.0,64.0,1875,16.4,1982,USA,850.48569375,6.031143153846154,62.76426
honda civic 1300,35.1,4,81.0,60.0,1760,16.1,1982,Japan,798.3225712000001,6.7012701709401705,56.487834
subaru,32.3,4,97.0,67.0,2065,17.8,1982,Japan,936.66824405,7.2821852321981435,51.98168199999999
datsun 210,37.0,4,85.0,65.0,1975,19.4,1982,Japan,895.84493075,6.357150891891892,59.54558
toyota tercel,37.7,4,89.0,62.0,2050,17.3,1982,Japan,929.8643585000001,6.239113607427055,60.672118000000005
mazda glc 4,34.1,4,91.0,68.0,1985,16.0,1982,Japan,900.38085445,6.897788357771261,54.878494
plymouth horizon 4,34.7,4,105.0,63.0,2215,14.9,1982,USA,1004.7070995500001,6.778518242074927,55.844098
ford escort 4w,34.4,4,98.0,65.0,2045,16.2,1982,USA,927.5963966500001,6.837633226744186,55.361295999999996
ford escort 2h,29.9,4,98.0,65.0,2380,20.7,1982,USA,1079.5498406000002,7.866708461538462,48.119265999999996
volkswagen jetta,33.0,4,105.0,74.0,2190,14.2,1982,Europe,993.3672903,7.127714636363637,53.10822
renault 18i,34.5,4,100.0,,2320,15.8,1982,Europe,1052.3342984,6.817814,55.52223
honda prelude,33.7,4,107.0,75.0,2210,14.4,1982,Japan,1002.4391377000001,6.9796612166172105,54.23475800000001
toyota corolla,32.4,4,108.0,75.0,2350,16.8,1982,Japan,1065.9420695000001,7.2597093518518525,52.142616
datsun 200sx,32.9,4,119.0,100.0,2615,14.8,1982,Japan,1186.14404755,7.149379422492402,52.947286
mazda 626,31.6,4,120.0,74.0,2635,18.3,1982,Japan,1195.2158949500001,7.443499462025316,50.855144
peugeot 505s turbo diesel,28.1,4,141.0,80.0,3230,20.4,1982,Europe,1465.1033551,8.370625729537366,45.222454
saab 900s,,4,121.0,110.0,2800,15.4,1982,Europe,1270.058636,,
volvo diesel,30.7,6,145.0,76.0,3160,19.6,1982,Europe,1433.3518892,7.661712801302932,49.406738
toyota cressida,25.4,6,168.0,116.0,2900,12.6,1982,Japan,1315.417873,9.260416653543308,40.877235999999996
datsun 810 maxima,24.2,6,146.0,120.0,2930,13.8,1982,Japan,1329.0256441000001,9.719610867768596,38.946028
buick century,22.4,6,231.0,110.0,3415,15.8,1982,USA,1549.0179435500002,10.500651026785714,36.049215999999994
oldsmobile cutlass ls,26.6,8,350.0,105.0,3725,19.0,1982,USA,1689.63157825,8.842653496240601,42.808444
ford granada gl,20.2,6,200.0,88.0,3060,17.1,1982,USA,1387.9926522,11.644286287128713,32.508668
chrysler lebaron salon,17.6,6,225.0,85.0,3465,16.6,1982,USA,1571.69756205,13.364464943181817,28.324384000000002
chevrolet cavalier,28.0,4,112.0,88.0,2605,19.6,1982,USA,1181.60812385,8.400520821428572,45.06152
chevrolet cavalier wagon,27.0,4,112.0,88.0,2640,18.6,1982,USA,1197.4838568,8.711651222222223,43.45218
chevrolet cavalier 2-door,34.0,4,112.0,88.0,2395,18.0,1982,USA,1086.35372615,6.9180759705882355,54.71756
pontiac j2000 se hatchback,31.0,4,112.0,85.0,2575,16.2,1982,USA,1168.00035275,7.587567193548387,49.88954
dodge aries se,29.0,4,135.0,84.0,2525,16.0,1982,USA,1145.32073425,8.110847689655172,46.67086
pontiac phoenix,27.0,4,151.0,90.0,2735,18.0,1982,USA,1240.57513195,8.711651222222223,43.45218
ford fairmont futura,24.0,4,140.0,92.0,2865,16.4,1982,USA,1299.5421400500002,9.800607625,38.62416
amc concord dl,23.0,4,151.0,,3035,20.5,1982,USA,1376.6528429500001,10.226721,37.01482
volkswagen rabbit l,36.0,4,105.0,74.0,1980,15.3,1982,Europe,898.1128926,6.533738416666667,57.93624
mazda glc custom l,37.0,4,91.0,68.0,2025,18.2,1982,Japan,918.5245492500001,6.357150891891892,59.54558
mazda glc custom,31.0,4,91.0,68.0,1970,17.6,1982,Japan,893.5769689,7.587567193548387,49.88954
plymouth horizon miser,38.0,4,105.0,63.0,2125,14.7,1982,USA,963.8837862500001,6.189857447368421,61.15492
mercury lynx l,36.0,4,98.0,70.0,2125,17.3,1982,USA,963.8837862500001,6.533738416666667,57.93624
nissan stanza xe,36.0,4,120.0,88.0,2160,14.5,1982,Japan,979.7595192,6.533738416666667,57.93624
honda Accelerationord,36.0,4,107.0,75.0,2205,14.5,1982,Japan,1000.17117585,6.533738416666667,57.93624
toyota corolla,34.0,4,108.0,70.0,2245,16.9,1982,Japan,1018.3148706500001,6.9180759705882355,54.71756
honda civic,38.0,4,91.0,67.0,1965,15.0,1982,Japan,891.30900705,6.189857447368421,61.15492
honda civic (auto),32.0,4,91.0,67.0,1965,15.7,1982,Japan,891.30900705,7.35045571875,51.49888
datsun 310 gx,38.0,4,91.0,67.0,1995,16.2,1982,Japan,904.91677815,6.189857447368421,61.15492
buick century limited,25.0,6,181.0,110.0,2945,16.4,1982,USA,1335.82952965,9.40858332,40.2335
oldsmobile cutlass ciera (diesel),38.0,6,262.0,85.0,3015,17.0,1982,USA,1367.5809955500001,6.189857447368421,61.15492
chrysler lebaron medallion,26.0,4,156.0,92.0,2585,14.5,1982,USA,1172.53627645,9.046714730769231,41.84284
ford granada l,22.0,6,232.0,112.0,2835,14.7,1982,USA,1285.9343689500001,10.691571954545454,35.40548
toyota celica gt,32.0,4,144.0,96.0,2665,13.9,1982,Japan,1208.8236660500002,7.35045571875,51.49888
dodge charger 2.2,36.0,4,135.0,84.0,2370,13.0,1982,USA,1075.0139169000001,6.533738416666667,57.93624
chevrolet camaro,27.0,4,151.0,90.0,2950,17.3,1982,USA,1338.0974915000002,8.711651222222223,43.45218
ford mustang gl,27.0,4,140.0,86.0,2790,15.6,1982,USA,1265.5227123,8.711651222222223,43.45218
vw pickup,44.0,4,97.0,52.0,2130,24.6,1982,Europe,966.1517481000001,5.345785977272727,70.81096
dodge rampage,32.0,4,135.0,84.0,2295,11.6,1982,USA,1040.9944891500002,7.35045571875,51.49888
ford ranger,28.0,4,120.0,79.0,2625,18.6,1982,USA,1190.67997125,8.400520821428572,45.06152
chevy s-10,31.0,4,119.0,82.0,2720,19.4,1982,USA,1233.7712464,7.587567193548387,49.88954
